{
  "sft_loss": [
    2.7505939602851868
  ],
  "grpo_reward": [
    0.18604166666666658
  ]
}