{
  "sft_loss": [
    3.5423456033070884
  ],
  "grpo_reward": [
    0.30055555555555535
  ]
}