{
  "sft_loss": [
    2.675271431605021
  ],
  "grpo_reward": [
    0.2062499999999999
  ]
}