{
  "sft_loss": [
    2.6477317810058594
  ],
  "grpo_reward": [
    0.3449999999999999
  ]
}